jar_name,mod_id,mod_name,version,side,category,adds_bosses,boss_count,adds_structures,structure_count,adds_dimensions,dimension_count,adds_biomes,biome_count,adds_mobs,mob_count,adds_loot_tables,loot_table_count,adds_recipes,recipe_count,worldgen_risk,performance_risk,balance_risk,notes
[1.20.1] SecurityCraft v1.10.1.jar,securitycraft,SecurityCraft,${file.jarVersion},Both,"Armas / armaduras / herramientas, Loot / recompensas, Magia, Mobs",false,0,false,0,false,0,false,0,true,4,true,621,true,782,Bajo,Bajo,Medio,No confirmado
[forge]ctov-3.4.14.jar,ctov,ChoiceTheorem's Overhauled Village,3.4.14,Both,"Estructuras, Loot / recompensas, Worldgen / biomas / terreno",false,0,true,578,false,0,false,0,false,0,true,54,false,0,Medio,Medio,Medio,Confirmado por archivos internos: contiene features/biome modifiers/worldgen modifiers.
accessories-neoforge-1.0.0-beta.48+1.20.1.jar,accessories,Accessories,1.0.0-beta48+1.20.1,Both,No confirmado,false,0,false,0,false,0,false,0,false,0,false,0,false,0,Bajo,Bajo,Bajo,No confirmado
advancednetherite-forge-2.1.3-1.20.1.jar,advancednetherite,Advanced Netherite,2.1.3,Both,"Armas / armaduras / herramientas, Loot / recompensas",false,0,false,0,false,0,false,0,false,0,true,4,true,49,Bajo,Bajo,Bajo,No confirmado
AdvancementPlaques-1.20.1-forge-1.6.9.jar,advancementplaques,Advancement Plaques,${file.jarVersion},Client only,Cliente visual / HUD / UI,false,0,false,0,false,0,false,0,false,0,false,0,false,0,Bajo,Bajo,Bajo,No confirmado
aeroblender-1.20.1-1.0.1-neoforge.jar,aeroblender,AeroBlender,${file.jarVersion},Both,No confirmado,false,0,false,0,false,0,false,0,false,0,false,0,false,0,Bajo,Bajo,Bajo,No confirmado
aether-1.20.1-1.5.2-neoforge.jar,aether,The Aether,${file.jarVersion},Both,"Armas / armaduras / herramientas, Dimensiones, Dungeons, Estructuras, ... (+3)",true,1,true,38,true,1,true,8,true,74,true,191,true,369,Medio,Medio,Medio,"Incluye jar-in-jar: cumulus_menus, curios, mixinextras, nitrogen_internals"
aether-redux-2.0.19-1.20.1-neoforge.jar,aether_redux,The Aether: Redux,${file.jarVersion},Both,"Armas / armaduras / herramientas, Loot / recompensas, Mobs, Worldgen / biomas / terreno",false,0,false,0,false,0,true,16,true,26,true,294,true,324,Medio,Bajo,Medio,Incluye jar-in-jar: mixinextras
aether_delight_1.0.0_forge_1.20.1.jar,aetherdelight,Aether Delight,1.0.0,Both,Loot / recompensas,false,0,false,0,false,0,false,0,false,0,true,3,true,133,Bajo,Bajo,Bajo,No confirmado
AetherVillages-1.20.1-1.0.7-forge.jar,aether_villages,Aether Villages,1.0.7,Both,"Estructuras, Loot / recompensas",false,0,true,44,false,0,false,0,false,0,true,3,false,0,Bajo,Bajo,Bajo,"Confirmado por archivos internos: anade/modifica estructuras, sin evidencia de terreno base."
AI-Improvements-1.20-0.5.2.jar,aiimprovements,AI-Improvements,${file.jarVersion},Both,No confirmado,false,0,false,0,false,0,false,0,false,0,false,0,false,0,Bajo,Bajo,Bajo,No confirmado
alexscaves-2.0.2.jar,alexscaves,Alex's Caves,2.0.2,Both,"Armas / armaduras / herramientas, Estructuras, Loot / recompensas, Mobs, ... (+1)",true,1,true,103,false,0,true,12,true,135,true,407,true,467,Alto,Medio,Medio,Inferido por nombre: mod de biomas/terreno conocido por tocar generacion base.
alexsdelight-1.5.jar,alexsdelight,Alex's Delight,1.5,Both,"Loot / recompensas, Mobs",false,0,false,0,false,0,false,0,true,2,true,2,true,40,Bajo,Bajo,Bajo,No confirmado
alexsmobs-1.22.9.jar,alexsmobs,Alex's Mobs,1.22.9,Both,"Armas / armaduras / herramientas, Loot / recompensas, Mobs, Worldgen / biomas / terreno",true,2,false,0,false,0,false,0,true,244,true,139,true,84,Medio,Medio,Medio,Confirmado por archivos internos: contiene features/biome modifiers/worldgen modifiers.
appleskin-forge-mc1.20.1-2.5.1.jar,appleskin,AppleSkin,${file.jarVersion},Client only,Cliente visual / HUD / UI,false,0,false,0,false,0,false,0,false,0,false,0,false,0,Bajo,Bajo,Bajo,No confirmado
Aquaculture-1.20.1-2.5.7.jar,aquaculture,Aquaculture 2,2.5.7,Both,"Armas / armaduras / herramientas, Loot / recompensas, Mobs, Worldgen / biomas / terreno",false,0,false,0,false,0,false,0,true,72,true,53,true,63,Medio,Medio,Medio,Confirmado por archivos internos: contiene features/biome modifiers/worldgen modifiers.
aquamirae-forge-1.20.1-6.4.0.jar,aquamirae,Aquamirae,6.4.0,Both,"Armas / armaduras / herramientas, Estructuras, Loot / recompensas, Mobs, ... (+1)",false,0,true,15,false,0,true,1,true,25,true,20,true,38,Alto,Bajo,Bajo,Confirmado por archivos internos: contiene biomas worldgen (1); dimension no confirmada.
architectury-9.2.14-forge.jar,architectury,Architectury,9.2.14,Both,"Librerias / dependencias, Worldgen / biomas / terreno",false,0,false,0,false,0,false,0,false,0,false,0,false,0,Medio,Bajo,Bajo,Confirmado por archivos internos: contiene features/biome modifiers/worldgen modifiers.
artifacts-forge-9.5.19.jar,artifacts,Artifacts,9.5.19,Both,"Armas / armaduras / herramientas, Loot / recompensas, Magia, Mobs, ... (+1)",false,0,false,0,false,0,false,0,true,2,true,61,true,3,Medio,Bajo,Medio,Confirmado por archivos internos: contiene features/biome modifiers/worldgen modifiers.
balm-forge-1.20.1-7.3.38-all.jar,balm,Balm,7.3.38,Both,"Librerias / dependencias, Worldgen / biomas / terreno",false,0,false,0,false,0,false,0,false,0,false,0,false,0,Medio,Bajo,Bajo,Incluye jar-in-jar: kuma_api
BarteringStation-v8.0.0-1.20.1-Forge.jar,barteringstation,Bartering Station,8.0.0,Both,Loot / recompensas,false,0,false,0,false,0,false,0,false,0,true,1,true,1,Bajo,Bajo,Bajo,No confirmado
BCLib-20.0.9.jar,bclib,BCLib,20.0.9,Both,Librerias / dependencias,false,0,false,0,false,0,false,0,false,0,false,0,false,0,Bajo,Bajo,Bajo,No confirmado
bettercombat-forge-1.9.0+1.20.1.jar,bettercombat,Better Combat,1.9.0+1.20.1,Both,Combate,false,0,false,0,false,0,false,0,false,0,false,0,false,0,Bajo,Bajo,Bajo,No confirmado
BetterCompatibilityChecker-forge-4.0.8+mc1.20.1.jar,bcc,Better Compatibility Checker,4.0.8,Both,"Compatibilidad, Loot / recompensas",false,0,false,0,false,0,false,0,false,0,false,0,false,0,Bajo,Bajo,Bajo,No confirmado
BetterEnd-20.0.8.jar,betterend,Better End,20.0.8,Both,"Armas / armaduras / herramientas, Estructuras, Loot / recompensas, Mobs, ... (+1)",false,0,true,143,false,0,true,53,true,6,true,664,true,789,Alto,Medio,Medio,Inferido por nombre: mod de biomas/terreno conocido por tocar generacion base.
BetterEndCities-Raijin-structure-1.21.1.jar,"betterendcities_raijin_structure, betterendcities_raijin_structure",BetterEndCities-Raijin-structure-1.21.1,1.21.1,Both,No confirmado,false,0,false,0,false,0,false,0,false,0,false,0,false,0,Bajo,Bajo,Bajo,No confirmado
BetterNether-20.0.10.jar,betternether,Better Nether,20.0.10,Both,"Armas / armaduras / herramientas, Estructuras, Loot / recompensas, Mobs, ... (+1)",false,0,true,116,false,0,true,45,true,12,true,426,true,634,Alto,Medio,Medio,Inferido por nombre: mod de biomas/terreno conocido por tocar generacion base.
BiomesOPlenty-1.20.1-18.0.0.592.jar,biomesoplenty,Biomes O' Plenty,${file.jarVersion},Both,"Loot / recompensas, Mobs, Worldgen / biomas / terreno",false,0,false,0,false,0,true,126,true,2,true,326,true,243,Alto,Bajo,Bajo,Inferido por nombre: mod de biomas/terreno conocido por tocar generacion base.
blended-compat-1.1.2.jar,"blended_compat, blended_compat",Blended Compat,1.1.2,Both,"Compatibilidad, Loot / recompensas",false,0,false,0,false,0,false,0,false,0,false,0,false,0,Bajo,Bajo,Bajo,No confirmado
blueprint-1.20.1-7.1.4.jar,blueprint,Blueprint,7.1.3,Both,"Librerias / dependencias, Mobs, Worldgen / biomas / terreno",false,0,false,0,false,0,true,2,true,3,false,0,true,3,Alto,Bajo,Bajo,Confirmado por archivos internos: contiene biomas worldgen (1); dimension no confirmada.
BOMD-Forge-1.20.1-1.1.1.jar,bosses_of_mass_destruction,Bosses of Mass Destruction,1.1.1,Both,"Armas / armaduras / herramientas, Bosses, Estructuras, Loot / recompensas, ... (+1)",true,4,true,8,false,0,false,0,true,11,true,9,true,7,Bajo,Bajo,Alto,"Confirmado por archivos internos: anade/modifica estructuras, sin evidencia de terreno base."
Bookshelf-Forge-1.20.1-20.2.15.jar,bookshelf,Bookshelf,20.2.15,Both,"Estructuras, Librerias / dependencias",false,0,true,1,false,0,false,0,false,0,false,0,false,0,Bajo,Bajo,Bajo,"Solo esta en cliente, pero contiene datos de gameplay; revisar si falta en servidor."
born_in_chaos_[Forge]1.20.1_1.7.5.jar,born_in_chaos_v1,Born in Chaos,1.7.5,Both,"Armas / armaduras / herramientas, Estructuras, Loot / recompensas, Mobs, ... (+1)",true,4,true,54,false,0,false,0,true,139,true,172,true,160,Medio,Medio,Alto,Confirmado por archivos internos: contiene features/biome modifiers/worldgen modifiers.
caelus-forge-3.2.0+1.20.1.jar,caelus,Caelus API,3.2.0+1.20.1,Both,No confirmado,false,0,false,0,false,0,false,0,false,0,false,0,false,0,Bajo,Bajo,Bajo,No confirmado
canary-mc1.20.1-0.3.3.jar,canary,Canary,0.3.3,Both,Performance,false,0,false,0,false,0,false,0,false,0,false,0,false,0,Bajo,Bajo,Bajo,No confirmado
carryon-forge-1.20.1-2.1.2.7.jar,carryon,Carry On,${file.jarVersion},Both,QoL,false,0,false,0,false,0,false,0,false,0,false,0,false,0,Bajo,Bajo,Bajo,Incluye jar-in-jar: mixinextras
cataclysmfortresses-1.20.1-Forge.jar,cataclysmfortresses,Cataclysm x YUNG's Better Nether Fortresses Compat,1.20.1,Both,"Compatibilidad, Loot / recompensas",false,0,false,0,false,0,false,0,false,0,false,0,false,0,Bajo,Medio,Bajo,No confirmado
CerbonsApi-Forge-1.20.1-1.0.0.jar,cerbons_api,CerbonsApi,1.0.0,Both,No confirmado,false,0,false,0,false,0,false,0,false,0,false,0,false,0,Bajo,Bajo,Bajo,No confirmado
chat_heads-0.15.1-forge-1.20.jar,chat_heads,Chat Heads,0.15.1,Client only,Cliente visual / HUD / UI,false,0,false,0,false,0,false,0,false,0,false,0,false,0,Bajo,Bajo,Bajo,No confirmado
chloride-FORGE-mc1.20.1-v1.7.7.jar,chloride,Chloride,1.7.7,Client only,"Cliente visual / HUD / UI, Performance",false,0,false,0,false,0,false,0,false,0,false,0,false,0,Bajo,Bajo,Bajo,No confirmado
chunksending-1.20.1-2.8.jar,chunksending,chunksending mod,${file.jarVersion},Both,Performance,false,0,false,0,false,0,false,0,false,0,false,0,false,0,Bajo,Bajo,Bajo,No confirmado
Chunky-1.3.146.jar,chunky,Chunky,1.3.146,Both,No confirmado,false,0,false,0,false,0,false,0,false,0,false,0,false,0,Bajo,Bajo,Bajo,No confirmado
citadel-2.6.3-1.20.1.jar,citadel,Citadel,2.6.3,Both,"Librerias / dependencias, Loot / recompensas, Worldgen / biomas / terreno",false,0,false,0,false,0,false,0,false,0,true,1,false,0,Medio,Bajo,Bajo,Confirmado por archivos internos: contiene features/biome modifiers/worldgen modifiers.
clientsort-forge-2.2.2+1.20.1.jar,clientsort,ClientSort,2.2.2+1.20.1,Client only,Cliente visual / HUD / UI,false,0,false,0,false,0,false,0,false,0,false,0,false,0,Bajo,Bajo,Bajo,No confirmado
cloth-config-11.1.136-forge.jar,cloth_config,Cloth Config v10 API,11.1.136,Both,Librerias / dependencias,false,0,false,0,false,0,false,0,false,0,false,0,false,0,Bajo,Bajo,Bajo,No confirmado
Clumps-forge-1.20.1-12.0.0.4.jar,clumps,Clumps,${file.jarVersion},Both,No confirmado,false,0,false,0,false,0,false,0,false,0,false,0,false,0,Bajo,Bajo,Bajo,No confirmado
combatroll-forge-1.3.3+1.20.1.jar,combatroll,Combat Roll,1.3.3+1.20.1,Both,Combate,false,0,false,0,false,0,false,0,false,0,false,0,false,0,Bajo,Bajo,Bajo,No confirmado
connectivity-1.20.1-7.6.jar,connectivity,Connectivity Mod,${file.jarVersion},Both,Performance,false,0,false,0,false,0,false,0,false,0,false,0,false,0,Bajo,Bajo,Bajo,No confirmado
Controlling-forge-1.20.1-12.0.2.jar,controlling,Controlling,${file.jarVersion},Client only,Cliente visual / HUD / UI,false,0,false,0,false,0,false,0,false,0,false,0,false,0,Bajo,Bajo,Bajo,No confirmado
coroutil-forge-1.20.1-1.3.7.jar,coroutil,CoroUtil,1.20.1-1.3.7,Both,No confirmado,false,0,false,0,false,0,false,0,false,0,false,0,false,0,Bajo,Bajo,Bajo,No confirmado
craftingtweaks-forge-1.20.1-18.2.9.jar,craftingtweaks,CraftingTweaks,18.2.9,Both,QoL,false,0,false,0,false,0,false,0,false,0,false,0,false,0,Bajo,Bajo,Bajo,No confirmado
create-1.20.1-6.0.7.jar,create,Create,6.0.7,Both,"Armas / armaduras / herramientas, Estructuras, Loot / recompensas, Mobs, ... (+1)",false,0,true,63,false,0,false,0,true,9,true,640,true,1766,Medio,Bajo,Medio,"Incluye jar-in-jar: flywheel, mixinextras, ponder"
createoreexcavation-1.20-1.6.5.jar,createoreexcavation,Create Ore Excavation,${file.jarVersion},Both,Loot / recompensas,false,0,false,0,false,0,false,0,false,0,true,3,true,42,Bajo,Bajo,Bajo,No confirmado
creeperoverhaul-3.0.2-forge.jar,creeperoverhaul,Creeper Overhaul,3.0.2,Both,"Loot / recompensas, Mobs, Worldgen / biomas / terreno",false,0,false,0,false,0,false,0,true,30,true,17,false,0,Medio,Bajo,Bajo,Confirmado por archivos internos: contiene features/biome modifiers/worldgen modifiers.
cristellib-1.1.6-forge.jar,cristellib,Cristel Lib,1.1.6,Both,Librerias / dependencias,false,0,false,0,false,0,false,0,false,0,false,0,false,0,Bajo,Bajo,Bajo,No confirmado
cupboard-1.20.1-3.7.jar,cupboard,Cupboard utilities,${file.jarVersion},Both,Librerias / dependencias,false,0,false,0,false,0,false,0,false,0,false,0,false,0,Bajo,Bajo,Bajo,No confirmado
curios-forge-5.14.1+1.20.1.jar,curios,Curios API,${file.jarVersion},Both,Librerias / dependencias,false,0,false,0,false,0,false,0,false,0,false,0,false,0,Bajo,Bajo,Bajo,No confirmado
CutThrough-v8.0.2-1.20.1-Forge.jar,cutthrough,Cut Through,8.0.2,Both,No confirmado,false,0,false,0,false,0,false,0,false,0,false,0,false,0,Bajo,Bajo,Bajo,No confirmado
deep_aether-1.20.1-1.1.7.jar,deep_aether,Deep Aether,1.20.1-1.1.7,Both,"Armas / armaduras / herramientas, Bosses, Dungeons, Estructuras, ... (+3)",true,1,true,13,false,0,true,20,true,16,true,301,true,353,Medio,Bajo,Alto,"Incluye jar-in-jar: aeroblender, mixinextras"
deeper_and_darker_to_cataclysm-withtools-forge-1.20.1.jar,deeper_and_darker_to_cataclysm,Deeper and Darker to Cataclysm,1.0.0,Both,QoL,false,0,false,0,false,0,false,0,false,0,false,0,true,18,Bajo,Medio,Bajo,No confirmado
deeperdarker-forge-1.20.1-1.3.3.jar,deeperdarker,Deeper and Darker,1.3.3,Both,"Armas / armaduras / herramientas, Dimensiones, Estructuras, Loot / recompensas, ... (+2)",false,0,true,64,true,1,true,8,true,18,true,149,true,376,Medio,Bajo,Medio,Confirmado por archivos internos: contiene biomas de dimension propia o no vanilla (4).
deltaboxlib-forge-2.2.0+1.20.1.jar,deltaboxlib,Deltabox Lib,2.2.0,Both,No confirmado,false,0,false,0,false,0,false,0,false,0,false,0,false,0,Bajo,Bajo,Bajo,No confirmado
dungeons-and-taverns-3.0.3.f[Forge].jar,mr_dungeons_andtaverns,Dungeons and Taverns,3.0.3.f,Both,"Dungeons, Estructuras, Loot / recompensas, Mobs, ... (+1)",false,0,true,559,false,0,false,0,true,8,true,111,false,0,Medio,Medio,Medio,Confirmado por archivos internos: contiene features/biome modifiers/worldgen modifiers.
dungeons-and-taverns-ancient-city-overhaul-1 [Forge].jar,mr_dungeons_andtavernsancientcityoverhaul,Dungeons and Taverns Ancient City Overhaul,1,Both,"Dungeons, Estructuras, Loot / recompensas",false,0,true,126,false,0,false,0,false,0,true,5,false,0,Bajo,Medio,Bajo,"Confirmado por archivos internos: anade/modifica estructuras, sin evidencia de terreno base."
DungeonsArise-1.20.x-2.1.58-release.jar,dungeons_arise,When Dungeons Arise,2.1.58-1.20.x,Both,"Dungeons, Estructuras, Loot / recompensas, Mobs",false,0,true,539,false,0,false,0,true,1,true,131,false,0,Bajo,Medio,Medio,"Confirmado por archivos internos: anade/modifica estructuras, sin evidencia de terreno base."
easy_npc-forge-1.20.1-6.17.0.jar,easy_npc,Easy NPC,${file.jarVersion},Both,"Estructuras, Mobs, NPCs / traders / aldeanos",false,0,true,2,false,0,false,0,true,63,false,0,false,0,Bajo,Medio,Bajo,"Confirmado por archivos internos: anade/modifica estructuras, sin evidencia de terreno base."
easy_npc_bundle-forge-1.20.1-6.17.0.jar,easy_npc_bundle,Easy NPC: Bundle,6.17.0,Both,NPCs / traders / aldeanos,false,0,false,0,false,0,false,0,false,0,false,0,false,0,Bajo,Bajo,Bajo,No confirmado
easy_npc_config_ui-forge-1.20.1-6.17.0.jar,easy_npc_config_ui,Easy NPC: Config UI,6.17.0,Both,"Estructuras, NPCs / traders / aldeanos",false,0,true,2,false,0,false,0,false,0,false,0,false,0,Bajo,Bajo,Bajo,"Confirmado por archivos internos: anade/modifica estructuras, sin evidencia de terreno base."
EasyMagic-v8.0.1-1.20.1-Forge.jar,easymagic,Easy Magic,8.0.1,Both,Magia,false,0,false,0,false,0,false,0,false,0,false,0,false,0,Bajo,Bajo,Bajo,No confirmado
elevatorid-1.20.1-1.9.1-forge.jar,elevatorid,Elevator Mod,1.20.1-1.9.1-forge,Both,Loot / recompensas,false,0,false,0,false,0,false,0,false,0,true,16,true,32,Bajo,Bajo,Bajo,No confirmado
ElysiumAPI-1.20.1-1.1.3.jar,elysium_api,Elysium,1.1.3,Both,No confirmado,false,0,false,0,false,0,false,0,false,0,false,0,false,0,Bajo,Bajo,Bajo,No confirmado
elytraslot-forge-6.4.4+1.20.1.jar,elytraslot,Elytra Slot,6.4.4+1.20.1,Both,No confirmado,false,0,false,0,false,0,false,0,false,0,false,0,false,0,Bajo,Bajo,Bajo,Incluye jar-in-jar: mixinsquared
embeddium-0.3.31+mc1.20.1.jar,"embeddium, rubidium",Embeddium,0.3.31+mc1.20.1,Client only,"Cliente visual / HUD / UI, Performance",false,0,false,0,false,0,false,0,false,0,false,0,false,0,Bajo,Bajo,Bajo,Incluye jar-in-jar: mixinextras
EnchantmentDescriptions-Forge-1.20.1-17.1.21.jar,enchdesc,EnchantmentDescriptions,17.1.21,Client only,No confirmado,false,0,false,0,false,0,false,0,false,0,false,0,false,0,Bajo,Bajo,Bajo,No confirmado
ender_dragon_loot-1.20.1.jar,"ender_dragon_loot, ender_dragon_loot",Ender Dragon Loot 1.20.1,1.0.0,Both,"Armas / armaduras / herramientas, Estructuras, Loot / recompensas",false,0,true,2,false,0,false,0,false,0,true,1,true,11,Bajo,Bajo,Bajo,"Confirmado por archivos internos: anade/modifica estructuras, sin evidencia de terreno base."
endermanoverhaul-forge-1.20.1-1.0.4.jar,endermanoverhaul,Enderman Overhaul,1.0.4,Both,"Loot / recompensas, Mobs, Worldgen / biomas / terreno",false,0,false,0,false,0,false,0,true,50,true,19,true,2,Medio,Bajo,Bajo,Confirmado por archivos internos: contiene features/biome modifiers/worldgen modifiers.
endrem_forge-5.3.3-R-1.20.1.jar,endrem,End Remastered,${file.jarVersion},Both,Loot / recompensas,false,0,false,0,false,0,false,0,false,0,true,16,true,3,Bajo,Bajo,Bajo,No confirmado
ends_delight-1.20.1-2.4.jar,ends_delight,End's Delight,2.4,Both,"Loot / recompensas, Worldgen / biomas / terreno",false,0,false,0,false,0,false,0,false,0,true,7,true,75,Medio,Bajo,Bajo,Confirmado por archivos internos: contiene features/biome modifiers/worldgen modifiers.
enhanced_boss_bars-1.20.1-1.0.0.jar,enhanced_boss_bars,Enhanced Boss Bars,1.20.1-1.0.0,Client only,Magia,false,0,false,0,false,0,false,0,false,0,false,0,false,0,Bajo,Bajo,Bajo,No confirmado
entityculling-forge-1.10.2-mc1.20.1.jar,entityculling,EntityCulling,1.10.2,Client only,"Cliente visual / HUD / UI, Performance",false,0,false,0,false,0,false,0,false,0,false,0,false,0,Bajo,Bajo,Bajo,No confirmado
explorations-forge-1.20.1-1.6.1.jar,explorations,Explorations+,1.20.1-1.6.1,Both,"Dungeons, Estructuras, Loot / recompensas, Worldgen / biomas / terreno",false,0,true,62,false,0,false,0,false,0,true,16,false,0,Medio,Bajo,Bajo,Confirmado por archivos internos: contiene features/biome modifiers/worldgen modifiers.
Explorify v1.6.5.mod.jar,"explorify, explorify",Explorify,1.6.5,Both,"Dungeons, Estructuras, Loot / recompensas",false,0,true,188,false,0,false,0,false,0,true,3,false,0,Bajo,Medio,Bajo,"Confirmado por archivos internos: anade/modifica estructuras, sin evidencia de terreno base."
FallingTree-1.20.1-4.3.4.jar,fallingtree,FallingTree,4.3.4,Both,QoL,false,0,false,0,false,0,false,0,false,0,false,0,false,0,Bajo,Bajo,Bajo,No confirmado
fancymenu_forge_3.9.3_MC_1.20.1.jar,fancymenu,FancyMenu,3.9.3,Client only,Cliente visual / HUD / UI,false,0,false,0,false,0,false,0,false,0,false,0,false,0,Bajo,Bajo,Bajo,Incluye jar-in-jar: mixinextras
FarmersDelight-1.20.1-1.3.2.jar,farmersdelight,Farmer's Delight,1.20.1-1.3.2,Both,"Estructuras, Loot / recompensas, Mobs, Worldgen / biomas / terreno",false,0,true,5,false,0,false,0,true,1,true,112,true,333,Medio,Bajo,Bajo,Incluye jar-in-jar: mixinextras
fastasyncworldsave-1.20.1-2.6.jar,fastasyncworldsave,fastasyncworldsave mod,${file.jarVersion},Both,Performance,false,0,false,0,false,0,false,0,false,0,false,0,false,0,Bajo,Bajo,Bajo,No confirmado
FastItemFrames-v20.1.5-1.20.1-Forge.jar,fastitemframes,Fast Item Frames,20.1.5,Both,Loot / recompensas,false,0,false,0,false,0,false,0,false,0,true,2,false,0,Bajo,Bajo,Bajo,No confirmado
FastSuite-1.20.1-5.1.2.jar,fastsuite,Fast Suite,5.1.2,Both,Performance,false,0,false,0,false,0,false,0,false,0,false,0,false,0,Bajo,Bajo,Bajo,No confirmado
ferritecore-6.0.1-forge.jar,ferritecore,Ferrite Core,${file.jarVersion},Both,Performance,false,0,false,0,false,0,false,0,false,0,false,0,false,0,Bajo,Bajo,Bajo,No confirmado
flerovium-forge-1.20.1-1.2.18-all.jar,flerovium,Flerovium,1.2.18,Client only,"Cliente visual / HUD / UI, Performance",false,0,false,0,false,0,false,0,false,0,false,0,false,0,Bajo,Bajo,Bajo,Incluye jar-in-jar: mixinextras
forge-medievalend-1.0.1.jar,medievalend,Medieval Buildings [The End Edition],1.0.1,Both,"Estructuras, Loot / recompensas",false,0,true,5,false,0,false,0,false,0,true,9,false,0,Bajo,Bajo,Bajo,"Confirmado por archivos internos: anade/modifica estructuras, sin evidencia de terreno base."
formations-1.0.4-forge-mc1.20.2.jar,formations,Formations,1.0.4,Both,No confirmado,false,0,false,0,false,0,false,0,false,0,false,0,false,0,Bajo,Bajo,Bajo,No confirmado
formationsnether-1.0.5.jar,"formationsnether, formationsnether",Formations Nether,1.0.5,Both,"Estructuras, Loot / recompensas",false,0,true,49,false,0,false,0,false,0,true,14,false,0,Bajo,Bajo,Bajo,"Confirmado por archivos internos: anade/modifica estructuras, sin evidencia de terreno base."
fossil-forge-1.20.1-9.3.4.0.jar,fossil,Fossils and Archeology: Revival,9.3.4.0,Both,"Armas / armaduras / herramientas, Bosses, Dimensiones, Estructuras, ... (+3)",true,2,true,87,true,2,true,3,true,178,true,346,true,659,Alto,Medio,Alto,Confirmado por archivos internos: contiene biomas worldgen (3) en dimensiones existentes.
framework-forge-1.20.1-0.8.0.jar,framework,Framework,0.8.0,Both,Librerias / dependencias,false,0,false,0,false,0,false,0,false,0,false,0,false,0,Bajo,Bajo,Bajo,No confirmado
friendsandfoes-forge-mc1.20.1-3.0.9.jar,friendsandfoes,Friends&Foes,3.0.9,Both,"Estructuras, Loot / recompensas, Mobs, Worldgen / biomas / terreno",false,0,true,61,false,0,false,0,true,21,true,44,true,22,Medio,Bajo,Bajo,Confirmado por archivos internos: contiene features/biome modifiers/worldgen modifiers.
ftb-library-forge-2001.2.12.jar,ftblibrary,FTB Library,2001.2.12,Both,QoL,false,0,false,0,false,0,false,0,false,0,false,0,false,0,Bajo,Bajo,Bajo,No confirmado
ftb-quests-forge-2001.4.22.jar,ftbquests,FTB Quests,2001.4.22,Both,"Armas / armaduras / herramientas, Loot / recompensas, QoL",false,0,false,0,false,0,false,0,false,0,true,5,true,7,Bajo,Bajo,Bajo,No confirmado
ftb-teams-forge-2001.3.2.jar,ftbteams,FTB Teams,2001.3.2,Both,No confirmado,false,0,false,0,false,0,false,0,false,0,false,0,false,0,Bajo,Bajo,Bajo,No confirmado
Galosphere-1.20.1-1.5.2-Forge.jar,galosphere,Galosphere,1.5.2,Both,"Armas / armaduras / herramientas, Estructuras, Loot / recompensas, Mobs, ... (+1)",false,0,true,39,false,0,true,6,true,20,true,146,true,276,Alto,Bajo,Medio,Confirmado por archivos internos: contiene biomas worldgen (3) en dimensiones existentes.
geckolib-forge-1.20.1-4.8.3.jar,geckolib,GeckoLib 4,4.8.3,Both,"Armas / armaduras / herramientas, Librerias / dependencias, Mobs",false,0,false,0,false,0,false,0,true,9,false,0,false,0,Bajo,Bajo,Bajo,No confirmado
Geophilic v3.5.mod.jar,"geophilic, geophilic",Geophilic,3.5,Both,Worldgen / biomas / terreno,false,0,false,0,false,0,true,29,false,0,false,0,false,0,Alto,Bajo,Bajo,Inferido por nombre: mod de biomas/terreno conocido por tocar generacion base.
goblintraders-forge-1.20.1-1.11.5.jar,goblintraders,Goblin Traders,1.11.5,Both,"Loot / recompensas, Mobs, NPCs / traders / aldeanos",false,0,false,0,false,0,false,0,true,4,true,2,false,0,Bajo,Bajo,Bajo,No confirmado
iceandfire-2.1.13-1.20.1-beta-5.jar,iceandfire,Ice and Fire,${file.jarVersion},Both,"Armas / armaduras / herramientas, Estructuras, Loot / recompensas, Mobs, ... (+1)",true,1,true,29,false,0,false,0,true,122,true,173,true,413,Medio,Medio,Medio,Confirmado por archivos internos: contiene features/biome modifiers/worldgen modifiers.
Iceberg-1.20.1-forge-1.1.25.jar,iceberg,Iceberg,${file.jarVersion},Client only,No confirmado,false,0,false,0,false,0,false,0,false,0,false,0,false,0,Bajo,Bajo,Bajo,No confirmado
IllagerInvasion-v8.0.7-1.20.1-Forge.jar,illagerinvasion,Illager Invasion,8.0.7,Both,"Estructuras, Loot / recompensas, Mobs",false,0,true,68,false,0,false,0,true,25,true,23,true,4,Bajo,Bajo,Bajo,"Confirmado por archivos internos: anade/modifica estructuras, sin evidencia de terreno base."
ImmediatelyFast-Forge-1.5.4+1.20.4.jar,immediatelyfast,ImmediatelyFast,1.5.4+1.20.4,Client only,Cliente visual / HUD / UI,false,0,false,0,false,0,false,0,false,0,false,0,false,0,Bajo,Bajo,Bajo,No confirmado
immersivelanterns-forge-1.0.6-1.20.1.jar,"immersivelanterns, immersivelanterns",Immersive Lanterns,1.0.6,Both,No confirmado,false,0,false,0,false,0,false,0,false,0,false,0,false,0,Bajo,Bajo,Bajo,No confirmado
improved-village-placement-1.1.2.jar,"improved_village_placement, improved_village_placement",Improved Village Placement,1.1.2,Both,"Estructuras, Worldgen / biomas / terreno",false,0,true,5,false,0,false,0,false,0,false,0,false,0,Medio,Bajo,Bajo,Confirmado por archivos internos: contiene features/biome modifiers/worldgen modifiers.
ironchest-1.20.1-14.4.4.jar,ironchest,Iron Chests,1.20.1-14.4.4,Both,Loot / recompensas,false,0,false,0,false,0,false,0,false,0,true,14,true,22,Bajo,Bajo,Bajo,No confirmado
irons_lib-1.20.1-1.1.0.jar,irons_lib,Iron's Lib,1.20.1-1.1.0,Both,"Loot / recompensas, Magia",false,0,false,0,false,0,false,0,false,0,true,3,true,2,Bajo,Bajo,Medio,No confirmado
irons_spellbooks-1.20.1-3.16.0.jar,irons_spellbooks,Iron's Spells 'n Spellbooks,1.20.1-3.16.0,Both,"Armas / armaduras / herramientas, Bosses, Dimensiones, Dungeons, ... (+5)",true,5,true,242,true,1,false,0,true,115,true,122,true,258,Medio,Medio,Alto,Confirmado por archivos internos: contiene features/biome modifiers/worldgen modifiers.
item_split_bug_fix-1.20.1-1.4.jar,item_split_bug_fix,Item Split Bug Fix,1.20.1-1.4,Both,No confirmado,false,0,false,0,false,0,false,0,false,0,false,0,false,0,Bajo,Bajo,Bajo,No confirmado
Jade-1.20.1-Forge-11.13.2.jar,jade,Jade,${file.jarVersion},Client only,"Cliente visual / HUD / UI, Mobs",false,0,false,0,false,0,false,0,true,2,false,0,false,0,Bajo,Bajo,Bajo,No confirmado
JadeAddons-1.20.1-Forge-5.5.1.jar,jadeaddons,Jade Addons,${file.jarVersion},Client only,"Cliente visual / HUD / UI, Mobs",false,0,false,0,false,0,false,0,true,4,false,0,false,0,Bajo,Bajo,Bajo,No confirmado
Jadens-Nether-Expansion-2.3.5.jar,netherexp,Jaden's Nether Expansion,2.3.5,Both,"Armas / armaduras / herramientas, Estructuras, Loot / recompensas, Mobs, ... (+1)",false,0,true,86,false,0,true,9,true,21,true,231,true,291,Alto,Medio,Medio,Incluye jar-in-jar: mixinextras
jei-1.20.1-forge-15.20.0.112.jar,jei,Just Enough Items,15.20.0.112,Client only,Cliente visual / HUD / UI,false,0,false,0,false,0,false,0,false,0,false,0,false,0,Bajo,Bajo,Bajo,No confirmado
justenoughbreeding-forge-1.20.1-3.0.1.jar,justenoughbreeding,Just Enough Breeding,3.0.1,Client only,Cliente visual / HUD / UI,false,0,false,0,false,0,false,0,false,0,false,0,true,1028,Bajo,Bajo,Bajo,No confirmado
JustEnoughProfessions-forge-1.20.1-3.0.1.jar,justenoughprofessions,Just Enough Professions (JEP),${file.jarVersion},Client only,Cliente visual / HUD / UI,false,0,false,0,false,0,false,0,false,0,false,0,false,0,Bajo,Bajo,Bajo,No confirmado
JustEnoughResources-1.20.1-1.4.0.247.jar,jeresources,Just Enough Resources,1.4.0.247,Client only,Cliente visual / HUD / UI,false,0,false,0,false,0,false,0,false,0,false,0,false,0,Bajo,Bajo,Bajo,No confirmado
konkrete_forge_1.8.0_MC_1.20-1.20.1.jar,konkrete,Konkrete,1.8.0,Client only,"Cliente visual / HUD / UI, Librerias / dependencias",false,0,false,0,false,0,false,0,false,0,false,0,false,0,Bajo,Bajo,Bajo,No confirmado
kotlinforforge-4.12.0-all.jar,kotlinforforge-4.12.0-all,kotlinforforge-4.12.0-all.jar,No confirmado,Both,No confirmado,false,0,false,0,false,0,false,0,false,0,false,0,false,0,Bajo,Bajo,Bajo,Incluye jar-in-jar: kotlinforforge; No se pudo confirmar META-INF/mods.toml parseable.
L_Enders_Cataclysm-3.29.jar,cataclysm,cataclysm,3.28,Both,"Armas / armaduras / herramientas, Bosses, Estructuras, Loot / recompensas, ... (+2)",true,2,true,196,false,0,false,0,true,142,true,168,true,189,Medio,Medio,Alto,Confirmado por archivos internos: contiene features/biome modifiers/worldgen modifiers.
LeavesBeGone-v8.0.0-1.20.1-Forge.jar,leavesbegone,Leaves Be Gone,8.0.0,Both,No confirmado,false,0,false,0,false,0,false,0,false,0,false,0,false,0,Bajo,Bajo,Bajo,No confirmado
lionfishapi-3.0.jar,lionfishapi,LionfishAPI,3.0,Both,No confirmado,false,0,false,0,false,0,false,0,false,0,false,0,false,0,Bajo,Bajo,Bajo,No confirmado
lithostitched-forge-1.20.1-1.4.11.jar,lithostitched,Lithostitched,1.4.11,Both,"Librerias / dependencias, Worldgen / biomas / terreno",false,0,false,0,false,0,false,0,false,0,false,0,false,0,Medio,Bajo,Bajo,Confirmado por archivos internos: contiene features/biome modifiers/worldgen modifiers.
lootintegration_townsandtowers-1.3.jar,"lootintegration_townsandtowers, lootintegration_townsandtowers",lootintegration_townsandtowers mod,1,Both,"Compatibilidad, Loot / recompensas",false,0,false,0,false,0,false,0,false,0,false,0,false,0,Bajo,Bajo,Bajo,No confirmado
lootintegration_wda-1.8.jar,"lootintegration_wda, lootintegration_wda",lootintegration_wda mod,1,Both,"Compatibilidad, Loot / recompensas",false,0,false,0,false,0,false,0,false,0,false,0,false,0,Bajo,Bajo,Bajo,No confirmado
lootintegrations-1.20.1-4.7.jar,lootintegrations,Lootintegrations mod,${file.jarVersion},Both,"Compatibilidad, Loot / recompensas",false,0,false,0,false,0,false,0,false,0,true,7,false,0,Bajo,Bajo,Bajo,No confirmado
lootintegrations_borninchaos-1.0.jar,"lootintegrations_borninchaos, lootintegrations_borninchaos",lootintegrations_borninchaos mod,1.0,Both,"Compatibilidad, Loot / recompensas",false,0,false,0,false,0,false,0,false,0,false,0,false,0,Bajo,Bajo,Bajo,No confirmado
lootintegrations_cataclysm-1.2.jar,"lootintegrations_cataclysm, lootintegrations_cataclysm",lootintegrations_cataclysm mod,1,Both,"Compatibilidad, Loot / recompensas",false,0,false,0,false,0,false,0,false,0,false,0,false,0,Bajo,Medio,Bajo,No confirmado
lootintegrations_ctov-1.4.jar,"lootintegrations_ctov, lootintegrations_ctov",lootintegrations_ctov mod,1,Both,"Compatibilidad, Loot / recompensas",false,0,false,0,false,0,false,0,false,0,false,0,false,0,Bajo,Bajo,Bajo,No confirmado
lootintegrations_dnt-2.5.jar,"lootintegrations_dnt, lootintegrations_dnt",lootintegrations_dnt mod,1,Both,"Compatibilidad, Loot / recompensas",false,0,false,0,false,0,false,0,false,0,false,0,false,0,Bajo,Bajo,Bajo,No confirmado
lootintegrations_formations-1.3.jar,"lootintegrations_formations, lootintegrations_formations",lootintegrations_formations mod,1,Both,"Compatibilidad, Loot / recompensas",false,0,false,0,false,0,false,0,false,0,false,0,false,0,Bajo,Bajo,Bajo,No confirmado
lootintegrations_graveyard-1.1.jar,"lootintegrations_graveyard, lootintegrations_graveyard",lootintegrations_graveyard mod,1,Both,"Compatibilidad, Loot / recompensas",false,0,false,0,false,0,false,0,false,0,false,0,false,0,Bajo,Bajo,Bajo,No confirmado
lootintegrations_iceandfire-1.2.jar,"lootintegrations_iceandfire, lootintegrations_iceandfire",lootintegrations_iceandfire mod,1.2,Both,"Compatibilidad, Loot / recompensas",false,0,false,0,false,0,false,0,false,0,false,0,false,0,Bajo,Medio,Bajo,No confirmado
lootintegrations_moog-2.0.jar,"lootintegrations_moog, lootintegrations_moog",lootintegrations_moog mod,1,Both,"Compatibilidad, Loot / recompensas",false,0,false,0,false,0,false,0,false,0,false,0,false,0,Bajo,Bajo,Bajo,No confirmado
lootintegrations_phillipsruins-1.3.jar,"lootintegrations_phillipsruins, lootintegrations_phillipsruins",lootintegrations_phillipsruins mod,1,Both,"Compatibilidad, Loot / recompensas",false,0,false,0,false,0,false,0,false,0,false,0,false,0,Bajo,Bajo,Bajo,No confirmado
lootintegrations_structory-1.4.jar,"lootintegrations_structory, lootintegrations_structory",lootintegrations_structory mod,1,Both,"Compatibilidad, Loot / recompensas",false,0,false,0,false,0,false,0,false,0,false,0,false,0,Bajo,Bajo,Bajo,No confirmado
lootintegrations_vanilla-1.6.jar,"lootintegrations_vanilla, lootintegrations_vanilla",lootintegrations_vanilla mod,1,Both,"Compatibilidad, Loot / recompensas",false,0,false,0,false,0,false,0,false,0,false,0,false,0,Bajo,Bajo,Bajo,No confirmado
lootintegrations_yungs-1.5.jar,"lootintegrations_yungs, lootintegrations_yungs",lootintegrations_yungs mod,1,Both,"Compatibilidad, Loot / recompensas",false,0,false,0,false,0,false,0,false,0,false,0,false,0,Bajo,Bajo,Bajo,No confirmado
lost_aether_content-1.20.1-1.2.3.jar,lost_aether_content,Aether: Lost Content,${file.jarVersion},Both,"Armas / armaduras / herramientas, Dungeons, Estructuras, Loot / recompensas, ... (+2)",true,1,true,3,false,0,false,0,true,5,true,24,true,19,Medio,Bajo,Medio,Confirmado por archivos internos: contiene features/biome modifiers/worldgen modifiers.
medieval_buildings_nether_edition-1.20.1-1.0.2-forge.jar,medieval_nether,Medieval Buildings [The Nether Edition],1.0.2,Both,"Estructuras, Loot / recompensas",false,0,true,6,false,0,false,0,false,0,true,10,false,0,Bajo,Bajo,Bajo,Incluye jar-in-jar: mixinextras
melody_forge_1.0.3_MC_1.20.1-1.20.4.jar,melody,Melody,1.0.2,Client only,"Cliente visual / HUD / UI, Librerias / dependencias",false,0,false,0,false,0,false,0,false,0,false,0,false,0,Bajo,Bajo,Bajo,No confirmado
MindfulDarkness-v8.0.3-1.20.1-Forge.jar,mindfuldarkness,Mindful Darkness,8.0.3,Client only,No confirmado,false,0,false,0,false,0,false,0,false,0,false,0,false,0,Bajo,Bajo,Bajo,No confirmado
miningspeedtooltips-forge-1.0.0-1.20.1.jar,"miningspeedtooltips, miningspeedtooltips",Mining Speed Tooltips,1.0.0,Client only,No confirmado,false,0,false,0,false,0,false,0,false,0,false,0,false,0,Bajo,Bajo,Bajo,No confirmado
mobtimizations-forge-1.20.1-1.0.1.jar,mobtimizations,Mobtimizations,1.20.1-1.0.1,Both,Performance,false,0,false,0,false,0,false,0,false,0,false,0,false,0,Bajo,Bajo,Bajo,No confirmado
modernfix-forge-5.27.44+mc1.20.1.jar,modernfix,ModernFix,5.27.44+mc1.20.1,Both,Performance,false,0,false,0,false,0,false,0,false,0,false,0,false,0,Bajo,Bajo,Bajo,Incluye jar-in-jar: mixinextras
moogs_structure_lib-1.1.0-1.20-1.20.4-forge.jar,moogs_structures,Moog's Structure Lib,1.1.0-1.20-1.20.4,Both,Estructuras,false,0,true,1,false,0,false,0,false,0,false,0,false,0,Bajo,Bajo,Bajo,"Confirmado por archivos internos: anade/modifica estructuras, sin evidencia de terreno base."
MoogsEndStructures-1.20-2.0.3.jar,"mes, mes",MoogsEndStructures,2.0.3,Both,"Estructuras, Loot / recompensas",false,0,true,79,false,0,false,0,false,0,true,8,false,0,Bajo,Medio,Bajo,"Confirmado por archivos internos: anade/modifica estructuras, sin evidencia de terreno base."
MoogsMissingVillages-1.20-2.1.1.jar,"mmv, mmv",MoogsMissingVillages,2.1.1,Both,"Estructuras, Loot / recompensas",false,0,true,214,false,0,false,0,false,0,true,10,false,0,Bajo,Medio,Bajo,"Confirmado por archivos internos: anade/modifica estructuras, sin evidencia de terreno base."
MoogsNetherStructures-1.20-2.0.4.jar,"mns, mns",MoogsNetherStructures,2.0.4,Both,"Estructuras, Loot / recompensas",false,0,true,78,false,0,false,0,false,0,true,4,false,0,Bajo,Medio,Bajo,"Confirmado por archivos internos: anade/modifica estructuras, sin evidencia de terreno base."
moonlight-1.20-2.16.33-forge.jar,moonlight,Moonlight Library,1.20-2.16.33,Both,Librerias / dependencias,false,0,false,0,false,0,false,0,false,0,false,0,false,0,Bajo,Bajo,Bajo,No confirmado
morehitboxes-forge-1.20.1-1.9.2.jar,morehitboxes,morehitboxes,1.9.2,Both,Combate,false,0,false,0,false,0,false,0,false,0,false,0,false,0,Bajo,Bajo,Bajo,Incluye jar-in-jar: mixinextras
morevillagers-forge-1.20.1-5.0.0.jar,morevillagers,More Villagers,5.0.0,Both,"Combate, Estructuras, Loot / recompensas, Mobs, ... (+1)",false,0,true,25,false,0,false,0,true,16,true,10,true,8,Bajo,Bajo,Bajo,"Confirmado por archivos internos: anade/modifica estructuras, sin evidencia de terreno base."
MouseTweaks-forge-mc1.20.1-2.25.1.jar,mousetweaks,Mouse Tweaks,${file.jarVersion},Client only,Cliente visual / HUD / UI,false,0,false,0,false,0,false,0,false,0,false,0,false,0,Bajo,Bajo,Bajo,No confirmado
mowzies_cataclysm-1.2.1.jar,mowzies_cataclysm,Mowzie's Cataclysm,1.2.1,Both,QoL,false,0,false,0,false,0,false,0,false,0,false,0,true,4,Bajo,Medio,Bajo,No confirmado
mowziesmobs-1.8.2.jar,mowziesmobs,Mowzie's Mobs,1.8.2,Both,"Armas / armaduras / herramientas, Bosses, Estructuras, Loot / recompensas, ... (+2)",true,1,true,114,false,0,false,0,true,47,true,26,true,12,Medio,Medio,Alto,Confirmado por archivos internos: contiene features/biome modifiers/worldgen modifiers.
musicbox-forge-2.0.2+1.20.1.jar,musicbox,Music Box,2.0.2,Both,Armas / armaduras / herramientas,false,0,false,0,false,0,false,0,false,0,false,0,true,1,Bajo,Bajo,Bajo,No confirmado
mysticaloaktree-1.20-1.11.jar,mysticaloaktree,Mystical Oak Tree,1.20-1.11,Both,"Loot / recompensas, Worldgen / biomas / terreno",false,0,false,0,false,0,false,0,false,0,true,1,false,0,Medio,Bajo,Bajo,Confirmado por archivos internos: contiene features/biome modifiers/worldgen modifiers.
mythsandlegends-0.0.8.8.jar,mythsandlegends,Myths & Legends,0.0.8.8,Both,"Armas / armaduras / herramientas, Estructuras, Loot / recompensas, Mobs, ... (+1)",false,0,true,11,false,0,false,0,true,31,true,27,true,31,Medio,Bajo,Bajo,Confirmado por archivos internos: contiene features/biome modifiers/worldgen modifiers.
NaturesCompass-1.20.1-1.12.0-forge.jar,naturescompass,Nature's Compass,1.20.1-1.12.0-forge,Both,QoL,false,0,false,0,false,0,false,0,false,0,false,0,true,2,Bajo,Bajo,Bajo,No confirmado
Neruina-2.1.2-forge+1.20.1.jar,"neruina, neruina",Neruina,2.1.2,Both,No confirmado,false,0,false,0,false,0,false,0,false,0,false,0,false,0,Bajo,Bajo,Bajo,No confirmado
netherite_tweaks_luna-1.2.2-forge-1.20.1.jar,netherite_tweaks_luna,Netherite Tweaks,1.2.2,Both,Worldgen / biomas / terreno,false,0,false,0,false,0,false,0,false,0,false,0,false,0,Medio,Bajo,Bajo,Confirmado por archivos internos: contiene features/biome modifiers/worldgen modifiers.
netherportalfix-forge-1.20-13.0.1.jar,netherportalfix,NetherPortalFix,13.0.1,Both,No confirmado,false,0,false,0,false,0,false,0,false,0,false,0,false,0,Bajo,Bajo,Bajo,No confirmado
nethersdelight-1.20.1-4.0.jar,nethersdelight,Nether's Delight,1.20.1-4.0,Both,"Loot / recompensas, Mobs, Worldgen / biomas / terreno",false,0,false,0,false,0,false,0,true,2,true,20,true,32,Medio,Bajo,Bajo,Confirmado por archivos internos: contiene features/biome modifiers/worldgen modifiers.
notenoughanimations-forge-1.12.3-mc1.20.1.jar,notenoughanimations,NotEnoughAnimations,1.12.3,Client only,No confirmado,false,0,false,0,false,0,false,0,false,0,false,0,false,0,Bajo,Bajo,Bajo,No confirmado
Nullscape_1.20.x_v1.2.8.jar,"nullscape, nullscape",Nullscape,1.2.8,Both,"Dimensiones, Estructuras, Loot / recompensas, Worldgen / biomas / terreno",false,0,true,22,true,1,true,8,false,0,true,1,false,0,Alto,Bajo,Bajo,Inferido por nombre: mod de biomas/terreno conocido por tocar generacion base.
obscure_api-18.jar,obscure_api,Obscure API,18,Both,No confirmado,false,0,false,0,false,0,false,0,false,0,false,0,false,0,Bajo,Bajo,Bajo,No confirmado
OctoLib-FORGE-0.5.0.1+1.20.1.jar,octolib,OctoLib,0.5.0.1,Both,No confirmado,false,0,false,0,false,0,false,0,false,0,false,0,false,0,Bajo,Bajo,Bajo,No confirmado
OverflowingBars-v8.0.1-1.20.1-Forge.jar,overflowingbars,Overflowing Bars,8.0.1,Client only,Magia,false,0,false,0,false,0,false,0,false,0,false,0,false,0,Bajo,Bajo,Bajo,No confirmado
packetfixer-3.3.2-1.18-1.20.4-merged.jar,"packetfixer, packetfixer",PacketFixer,3.3.2,Both,Performance,false,0,false,0,false,0,false,0,false,0,false,0,false,0,Bajo,Bajo,Bajo,No confirmado
passengersportalfix-forge-0.0.2.jar,passengersportalfix,Passengers Portal Fix,0.0.2,Both,No confirmado,false,0,false,0,false,0,false,0,false,0,false,0,false,0,Bajo,Bajo,Bajo,No confirmado
Patchouli-1.20.1-85-FORGE.jar,patchouli,Patchouli,${file.jarVersion},Both,Librerias / dependencias,false,0,false,0,false,0,false,0,false,0,false,0,false,0,Bajo,Bajo,Bajo,No confirmado
phantasm-1.1.3.jar,phantasm,End's Phantasm,1.1.3,Both,"Armas / armaduras / herramientas, Estructuras, Loot / recompensas, Mobs, ... (+1)",false,0,true,17,false,0,true,4,true,12,true,88,true,166,Alto,Bajo,Medio,Confirmado por archivos internos: contiene biomas worldgen (2) en dimensiones existentes.
PhilipsRuins1.20.1-5.7.jar,philipsruins,Philips Ruins,5.6,Both,"Dungeons, Estructuras, Loot / recompensas",false,0,true,323,false,0,false,0,false,0,true,45,true,39,Bajo,Medio,Bajo,"Confirmado por archivos internos: anade/modifica estructuras, sin evidencia de terreno base."
PickUpNotifier-v8.0.0-1.20.1-Forge.jar,pickupnotifier,Pick Up Notifier,8.0.0,Client only,No confirmado,false,0,false,0,false,0,false,0,false,0,false,0,false,0,Bajo,Bajo,Bajo,No confirmado
Placebo-1.20.1-8.6.3.jar,placebo,Placebo,8.6.3,Both,Librerias / dependencias,false,0,false,0,false,0,false,0,false,0,false,0,false,0,Bajo,Bajo,Bajo,No confirmado
Platform-forge-1.20.1-1.3.4.jar,platform,Platform,1.3.4,Both,Worldgen / biomas / terreno,false,0,false,0,false,0,false,0,false,0,false,0,false,0,Medio,Bajo,Bajo,Confirmado por archivos internos: contiene features/biome modifiers/worldgen modifiers.
player-animation-lib-forge-1.0.2-rc1+1.20.jar,playeranimator,Player Animator,1.0.2-rc1+1.20,Both,No confirmado,false,0,false,0,false,0,false,0,false,0,false,0,false,0,Bajo,Bajo,Bajo,No confirmado
polymorph-forge-0.49.10+1.20.1.jar,polymorph,Polymorph,0.49.10+1.20.1,Both,QoL,false,0,false,0,false,0,false,0,false,0,false,0,false,0,Bajo,Bajo,Bajo,Incluye jar-in-jar: spectrelib
puffish_biome_dither-1.0.0-1.19.2-forge.jar,puffish_biome_dither,Pufferfish's Biome Dither,1.0.0,Both,No confirmado,false,0,false,0,false,0,false,0,false,0,false,0,false,0,Bajo,Bajo,Bajo,No confirmado
PuzzlesLib-v8.1.33-1.20.1-Forge.jar,puzzleslib,Puzzles Lib,8.1.33,Both,Librerias / dependencias,false,0,false,0,false,0,false,0,false,0,false,0,false,0,Bajo,Bajo,Bajo,"Incluye jar-in-jar: mixinextras, puzzlesaccessapi"
Quark-4.0-462.jar,quark,Quark,${file.jarVersion},Both,"Dungeons, Estructuras, Loot / recompensas, Mobs, ... (+1)",false,0,true,38,false,0,true,2,true,22,true,835,true,1602,Alto,Bajo,Medio,Confirmado por archivos internos: contiene biomas worldgen (1) en dimensiones existentes.
radiantgear-forge-2.2.0+1.20.1.jar,radiantgear,Radiant Gear,2.2.0+1.20.1,Both,No confirmado,false,0,false,0,false,0,false,0,false,0,false,0,false,0,Bajo,Bajo,Bajo,No confirmado
recipeessentials-1.20.1-4.0.jar,recipeessentials,recipeessentials mod,${file.jarVersion},Both,No confirmado,false,0,false,0,false,0,false,0,false,0,false,0,false,0,Bajo,Bajo,Bajo,No confirmado
relics-1.20.1-0.8.0.13.jar,relics,Relics,0.8.0.13,Both,Magia,false,0,false,0,false,0,false,0,false,0,false,0,false,0,Bajo,Bajo,Bajo,No confirmado
resourcefulconfig-forge-1.20.1-2.1.3.jar,resourcefulconfig,Resourcefulconfig,2.1.3,Both,Librerias / dependencias,false,0,false,0,false,0,false,0,false,0,false,0,false,0,Bajo,Bajo,Bajo,No confirmado
resourcefullib-forge-1.20.1-2.1.29.jar,resourcefullib,Resourceful Lib,2.1.29,Both,Librerias / dependencias,false,0,false,0,false,0,false,0,false,0,false,0,false,0,Bajo,Bajo,Bajo,No confirmado
royal-variations-[Forge]_1.20.1_2.0.2.jar,royalvariations,Royal Variations,${file.jarVersion},Both,"Armas / armaduras / herramientas, Loot / recompensas, Mobs, Worldgen / biomas / terreno",false,0,false,0,false,0,false,0,true,14,true,4,true,17,Medio,Bajo,Bajo,Confirmado por archivos internos: contiene features/biome modifiers/worldgen modifiers.
sawmill-1.20-1.4.10.jar,sawmill,Universal Sawmill,1.20-1.4.10,Both,"Estructuras, Loot / recompensas, Mobs",false,0,true,11,false,0,false,0,true,2,true,4,true,1,Bajo,Bajo,Bajo,"Confirmado por archivos internos: anade/modifica estructuras, sin evidencia de terreno base."
Searchables-forge-1.20.1-1.0.3.jar,searchables,Searchables,${file.jarVersion},Both,Magia,false,0,false,0,false,0,false,0,false,0,false,0,false,0,Bajo,Bajo,Bajo,No confirmado
simplyswords-forge-1.56.0-1.20.1.jar,simplyswords,Simply Swords,1.56.0-1.20.1,Both,"Armas / armaduras / herramientas, Combate, Loot / recompensas, Magia, ... (+1)",false,0,false,0,false,0,false,0,true,1,true,1,true,424,Bajo,Bajo,Bajo,No confirmado
SkeletonAIFix-v20.1.1-1.20.1-Forge.jar,skeletonaifix,Skeleton AI Fix,20.1.1,Both,Magia,false,0,false,0,false,0,false,0,false,0,false,0,false,0,Bajo,Bajo,Bajo,No confirmado
skinlayers3d-forge-1.11.1-mc1.20.1.jar,skinlayers3d,3d-Skin-Layers,1.11.1,Client only,Cliente visual / HUD / UI,false,0,false,0,false,0,false,0,false,0,false,0,false,0,Bajo,Bajo,Bajo,No confirmado
skinrestorer-2.7.0+1.20-forge.jar,skinrestorer,SkinRestorer,2.7.0+1.20-forge,Server only,Magia,false,0,false,0,false,0,false,0,false,0,false,0,false,0,Bajo,Bajo,Bajo,No confirmado
snowundertrees-1.20.1-1.4.12.jar,snowundertrees,Snow Under Trees,${file.jarVersion},Both,"Magia, Worldgen / biomas / terreno",false,0,false,0,false,0,false,0,false,0,false,0,false,0,Medio,Bajo,Bajo,Confirmado por archivos internos: contiene features/biome modifiers/worldgen modifiers.
sophisticatedbackpacks-1.20.1-3.24.48.1821.jar,sophisticatedbackpacks,Sophisticated Backpacks,3.24.48.1821,Both,"Armas / armaduras / herramientas, Loot / recompensas, Magia, QoL",false,0,false,0,false,0,false,0,false,0,true,15,true,74,Bajo,Bajo,Bajo,No confirmado
sophisticatedcore-1.20.1-1.3.42.1945.jar,sophisticatedcore,Sophisticated Core,1.3.42.1945,Both,"Armas / armaduras / herramientas, Magia",false,0,false,0,false,0,false,0,false,0,false,0,true,1,Bajo,Bajo,Bajo,No confirmado
soulfulnether-1.0.2.jar,soulfulnether,Soulful Nether,1.0.2,Both,"Loot / recompensas, Magia, Mobs, Worldgen / biomas / terreno",false,0,false,0,false,0,true,5,true,2,true,71,true,60,Alto,Bajo,Medio,Confirmado por archivos internos: contiene biomas worldgen (3) en dimensiones existentes.
sound-physics-remastered-forge-1.20.1-1.5.1.jar,sound_physics_remastered,Sound Physics Remastered,1.20.1-1.5.1,Client only,"Cliente visual / HUD / UI, Magia",false,0,false,0,false,0,false,0,false,0,false,0,false,0,Bajo,Bajo,Bajo,No confirmado
spark-1.10.53-forge.jar,spark,spark,1.10.53,Both,Magia,false,0,false,0,false,0,false,0,false,0,false,0,false,0,Bajo,Bajo,Bajo,No confirmado
sparsestructures-forge-1.20.1-3.0.jar,sparsestructures,SparseStructures,3.0,Both,Magia,false,0,false,0,false,0,false,0,false,0,false,0,false,0,Bajo,Bajo,Bajo,No confirmado
SpartanShields-1.20.1-forge-3.1.1.jar,spartanshields,Spartan Shields,3.1.1,Both,Magia,false,0,false,0,false,0,false,0,false,0,false,0,true,93,Bajo,Bajo,Bajo,No confirmado
spelunkers_charm-3.6.0-1.20.1.jar,spelunkers_charm,Spelunker's Charm,3.6.0,Both,"Armas / armaduras / herramientas, Estructuras, Loot / recompensas, Magia, ... (+2)",false,0,true,2,false,0,false,0,true,3,true,5,true,7,Medio,Bajo,Bajo,Confirmado por archivos internos: contiene features/biome modifiers/worldgen modifiers.
stalwart-dungeons-1.20.1-1.2.8.jar,stalwart_dungeons,Stalwart Dungeons,1.2.8,Both,"Armas / armaduras / herramientas, Dungeons, Estructuras, Loot / recompensas, ... (+3)",false,0,true,7,false,0,false,0,true,18,true,11,true,76,Medio,Bajo,Medio,Confirmado por archivos internos: contiene features/biome modifiers/worldgen modifiers.
Structory_1.20.x_v1.3.5.jar,"structory, structory",Structory,1.3.5,Both,"Dungeons, Estructuras, Loot / recompensas, Magia",false,0,true,253,false,0,false,0,false,0,true,39,false,0,Bajo,Medio,Medio,"Confirmado por archivos internos: anade/modifica estructuras, sin evidencia de terreno base."
Structory_Towers_1.20.x_v1.0.7.jar,"structory_towers, structory_towers",Structory: Towers,1.0.7,Both,"Estructuras, Loot / recompensas, Magia",false,0,true,38,false,0,false,0,false,0,true,49,false,0,Bajo,Bajo,Medio,"Confirmado por archivos internos: anade/modifica estructuras, sin evidencia de terreno base."
structure_gel-1.20.1-2.16.2.jar,structure_gel,Structure Gel API,${file.jarVersion},Both,"Armas / armaduras / herramientas, Magia",false,0,false,0,false,0,false,0,false,0,false,0,false,0,Bajo,Bajo,Bajo,No confirmado
structure_layout_optimizer-forge-1.0.11.jar,structure_layout_optimizer,Structure Layout Optimizer,1.0.11,Both,Magia,false,0,false,0,false,0,false,0,false,0,false,0,false,0,Bajo,Bajo,Bajo,Incluye jar-in-jar: mixinextras
structureessentials-1.20.1-5.0.jar,structureessentials,Structure Essentials mod,${file.jarVersion},Both,"Magia, Performance",false,0,false,0,false,0,false,0,false,0,false,0,false,0,Bajo,Bajo,Bajo,No confirmado
supplementaries-1.20-3.1.43-forge.jar,supplementaries,Supplementaries,1.20-3.1.43,Both,"Estructuras, Loot / recompensas, Magia, Mobs, ... (+1)",false,0,true,1,false,0,false,0,true,12,true,178,true,306,Medio,Bajo,Medio,Confirmado por archivos internos: contiene features/biome modifiers/worldgen modifiers.
takesapillage-1.0.3-1.20.1.jar,takesapillage,It Takes A Pillage,1.0.3,Both,"Estructuras, Loot / recompensas, Mobs, Worldgen / biomas / terreno",false,0,true,48,false,0,false,0,true,9,true,10,false,0,Medio,Bajo,Bajo,Confirmado por archivos internos: contiene features/biome modifiers/worldgen modifiers.
TerraBlender-forge-1.20.1-3.0.1.10.jar,terrablender,TerraBlender,${file.jarVersion},Both,"Librerias / dependencias, Worldgen / biomas / terreno",false,0,false,0,false,0,true,1,false,0,false,0,false,0,Alto,Bajo,Bajo,Confirmado por archivos internos: contiene biomas worldgen (1) en dimensiones existentes.
the-conjurer-1.20.1-1.1.6.jar,conjurer_illager,The Conjurer,${file.jarVersion},Both,"Estructuras, Loot / recompensas, Mobs",false,0,true,13,false,0,false,0,true,4,true,2,false,0,Bajo,Bajo,Bajo,"Confirmado por archivos internos: anade/modifica estructuras, sin evidencia de terreno base."
The_Graveyard_3.1_(FORGE)_for_1.20.1.jar,graveyard,The Graveyard,3.1,Both,"Dimensiones, Estructuras, Loot / recompensas, Mobs, ... (+1)",true,1,true,178,true,1,true,4,true,28,true,122,true,90,Medio,Medio,Medio,Confirmado por archivos internos: contiene features/biome modifiers/worldgen modifiers.
TheOuterEnd-1.0.13.jar,outer_end,The Outer End,1.0.0,Both,"Armas / armaduras / herramientas, Estructuras, Loot / recompensas, Mobs, ... (+1)",false,0,true,73,false,0,true,6,true,17,true,86,true,155,Alto,Bajo,Medio,Confirmado por archivos internos: contiene biomas worldgen (3) en dimensiones existentes.
tombstone-1.20.1-9.0.10.jar,tombstone,Corail Tombstone,9.0.10,Both,"Estructuras, Loot / recompensas, Mobs, QoL, ... (+1)",true,1,true,12,false,0,false,0,true,6,true,55,true,82,Medio,Bajo,Bajo,Confirmado por archivos internos: contiene features/biome modifiers/worldgen modifiers.
Towns-and-Towers-1.12-Fabric+Forge.jar,t_and_t,Towns and Towers,${file.jarVersion},Both,"Estructuras, Loot / recompensas",false,0,true,559,false,0,false,0,false,0,true,14,false,0,Bajo,Medio,Bajo,"Confirmado por archivos internos: anade/modifica estructuras, sin evidencia de terreno base."
TravelersTitles-1.20-Forge-4.0.2.jar,travelerstitles,Traveler's Titles,1.20-Forge-4.0.2,Client only,No confirmado,false,0,false,0,false,0,true,103,false,0,false,0,false,0,Bajo,Bajo,Bajo,No confirmado
TwilightCaveFix-1.0.0.jar,twilightfixes,TwilightCaveFix,1.0.0,Both,No confirmado,false,0,false,0,false,0,false,0,false,0,false,0,false,0,Bajo,Bajo,Bajo,No confirmado
twilightforest-1.20.1-4.3.2508-universal.jar,twilightforest,The Twilight Forest,${file.jarVersion},Both,"Armas / armaduras / herramientas, Bosses, Dimensiones, Estructuras, ... (+3)",true,1,true,80,true,1,true,42,true,159,true,532,true,444,Medio,Medio,Alto,Confirmado por archivos internos: contiene biomas de dimension propia o no vanilla (21).
txnilib-forge-1.0.24-1.20.1.jar,"txnilib, txnilib",TxniLib,1.0.24,Both,No confirmado,false,0,false,0,false,0,false,0,false,0,false,0,false,0,Bajo,Bajo,Bajo,No confirmado
VanillaBackport-forge-1.20.1-1.1.7.6.jar,vanillabackport,VanillaBackport,1.1.7.6,Both,"Armas / armaduras / herramientas, Estructuras, Loot / recompensas, Mobs, ... (+1)",true,2,true,10,false,0,true,4,true,12,true,76,true,115,Alto,Medio,Medio,Confirmado por archivos internos: contiene biomas worldgen (2) en dimensiones existentes.
vb-compat-1.8-1.20.1.jar,"mr_vb_compat, mr_vb_compat",Vanilla Backport Compat,1.7,Both,"Compatibilidad, Loot / recompensas",false,0,false,0,false,0,false,0,false,0,false,0,false,0,Bajo,Bajo,Bajo,No confirmado
voidtotem-forge-1.20-3.0.1.jar,voidtotem,Void Totem,${file.jarVersion},Both,Loot / recompensas,false,0,false,0,false,0,false,0,false,0,true,1,true,1,Bajo,Bajo,Bajo,No confirmado
waystones-forge-1.20.1-14.1.20.jar,waystones,Waystones,14.1.20,Both,"Estructuras, Loot / recompensas, QoL, Worldgen / biomas / terreno",false,0,true,3,false,0,false,0,false,0,true,25,true,34,Medio,Bajo,Bajo,Confirmado por archivos internos: contiene features/biome modifiers/worldgen modifiers.
witherreincarnated-1.20.1-1.0.5.jar,witherreincarnated,Wither Reincarnated,1.0.5,Both,No confirmado,true,1,false,0,false,0,false,0,false,0,false,0,false,0,Bajo,Bajo,Bajo,Incluye jar-in-jar: mixinextras
WunderLib-20.0.1.jar,wunderlib,WunderLib,20.0.1,Both,No confirmado,false,0,false,0,false,0,false,0,false,0,false,0,false,0,Bajo,Bajo,Bajo,No confirmado
xaerominimap-forge-1.20.1-25.3.13.jar,xaerominimap,Xaero's Minimap,25.3.13,Both,No confirmado,false,0,false,0,false,0,false,0,false,0,false,0,false,0,Bajo,Bajo,Bajo,Incluye jar-in-jar: xaerolib
xaeroworldmap-forge-1.20.1-1.40.16.jar,xaeroworldmap,Xaero's World Map,1.40.16,Both,No confirmado,false,0,false,0,false,0,false,0,false,0,false,0,false,0,Bajo,Bajo,Bajo,Incluye jar-in-jar: xaerolib
xptome-1.20.1-2.2.1.jar,xpbook,XP Tome,${file.jarVersion},Both,QoL,false,0,false,0,false,0,false,0,false,0,false,0,true,1,Bajo,Bajo,Bajo,No confirmado
YungsApi-1.20-Forge-4.0.6.jar,yungsapi,YUNG's API,1.20-Forge-4.0.6,Both,No confirmado,false,0,false,0,false,0,false,0,false,0,false,0,false,0,Bajo,Bajo,Bajo,No confirmado
YungsBetterDesertTemples-1.20-Forge-3.0.3.jar,betterdeserttemples,YUNG's Better Desert Temples,1.20-Forge-3.0.3,Both,"Estructuras, Loot / recompensas",false,0,true,198,false,0,false,0,false,0,true,10,false,0,Bajo,Medio,Bajo,"Confirmado por archivos internos: anade/modifica estructuras, sin evidencia de terreno base."
YungsBetterDungeons-1.20-Forge-4.0.4.jar,betterdungeons,YUNG's Better Dungeons,1.20-Forge-4.0.4,Both,"Dungeons, Estructuras, Loot / recompensas, Worldgen / biomas / terreno",false,0,true,232,false,0,false,0,false,0,true,8,false,0,Medio,Medio,Bajo,Confirmado por archivos internos: contiene features/biome modifiers/worldgen modifiers.
YungsBetterEndIsland-1.20-Forge-2.0.6.jar,betterendisland,YUNG's Better End Island,1.20-Forge-2.0.6,Both,Estructuras,false,0,true,41,false,0,false,0,false,0,false,0,false,0,Bajo,Bajo,Bajo,"Confirmado por archivos internos: anade/modifica estructuras, sin evidencia de terreno base."
YungsBetterJungleTemples-1.20-Forge-2.0.5.jar,betterjungletemples,YUNG's Better Jungle Temples,1.20-Forge-2.0.5,Both,"Estructuras, Loot / recompensas",false,0,true,128,false,0,false,0,false,0,true,3,false,0,Bajo,Medio,Bajo,"Confirmado por archivos internos: anade/modifica estructuras, sin evidencia de terreno base."
YungsBetterMineshafts-1.20-Forge-4.0.4.jar,bettermineshafts,YUNG's Better Mineshafts,1.20-Forge-4.0.4,Both,Estructuras,false,0,true,13,false,0,false,0,false,0,false,0,false,0,Bajo,Bajo,Bajo,"Confirmado por archivos internos: anade/modifica estructuras, sin evidencia de terreno base."
YungsBetterNetherFortresses-1.20-Forge-2.0.6.jar,betterfortresses,YUNG's Better Nether Fortresses,1.20-Forge-2.0.6,Both,"Estructuras, Loot / recompensas",false,0,true,170,false,0,false,0,false,0,true,9,false,0,Bajo,Medio,Bajo,"Confirmado por archivos internos: anade/modifica estructuras, sin evidencia de terreno base."
YungsBetterOceanMonuments-1.20-Forge-3.0.4.jar,betteroceanmonuments,YUNG's Better Ocean Monuments,1.20-Forge-3.0.4,Both,"Estructuras, Loot / recompensas",false,0,true,60,false,0,false,0,false,0,true,1,false,0,Bajo,Bajo,Bajo,"Confirmado por archivos internos: anade/modifica estructuras, sin evidencia de terreno base."
YungsBetterStrongholds-1.20-Forge-4.0.3.jar,betterstrongholds,YUNG's Better Strongholds,1.20-Forge-4.0.3,Both,"Estructuras, Loot / recompensas",false,0,true,99,false,0,false,0,false,0,true,10,false,0,Bajo,Medio,Bajo,"Confirmado por archivos internos: anade/modifica estructuras, sin evidencia de terreno base."
YungsCaveBiomes-1.20.1-Forge-2.0.5.jar,yungscavebiomes,YUNG's Cave Biomes,1.20.1-Forge-2.0.5,Both,"Loot / recompensas, Mobs, Worldgen / biomas / terreno",false,0,false,0,false,0,true,5,true,3,true,26,true,32,Alto,Bajo,Bajo,Inferido por nombre: mod de biomas/terreno conocido por tocar generacion base.
Zeta-1.0-31.jar,zeta,Zeta,${file.jarVersion},Both,Worldgen / biomas / terreno,false,0,false,0,false,0,false,0,false,0,false,0,false,0,Medio,Bajo,Bajo,Incluye jar-in-jar: mixinextras
